{"sections":{"banner":{"type":"main-collection-banner","settings":{"show_collection_description":false,"show_collection_image":true,"show_collection_video":true,"background_opacity":2,"color_scheme":"scheme-1","padding_top":40,"padding_bottom":32}},"product-grid":{"type":"main-collection-product-grid","settings":{"products_per_page":16,"columns_desktop":3,"color_scheme":"scheme-1","image_ratio":"square","image_shape":"default","show_secondary_image":true,"show_vendor":false,"show_rating":true,"quick_add":"none","enable_filtering":true,"filter_type":"vertical","enable_sorting":true,"columns_mobile":"1","padding_top":0,"padding_bottom":0}}},"order":["banner","product-grid"]}