{"sections":{"slideshow_gwG8wJ":{"type":"slideshow","blocks":{"slide_7GwEDb":{"type":"slide","settings":{"image":"shopify:\/\/shop_images\/young-boy-smiles-at-father-holding-baby-sister.jpg","heading":"<strong>Screen-Free Toys for Curious Minds<\/strong>","heading_size":"h1","subheading":"Spark creativity and skills with safe, hands-on fun—no phones needed.","button_label":"Shop Now","link":"shopify:\/\/collections\/all","button_style_secondary":false,"box_align":"bottom-left","show_text_width":false,"show_text_box":true,"text_alignment":"left","image_overlay_opacity":40,"color_scheme":"scheme-5","text_alignment_mobile":"left"}}},"block_order":["slide_7GwEDb"],"settings":{"layout":"full_bleed","slide_height":"large","mobile_slide_height":"large","slider_visual":"dots","auto_rotate":true,"control_position":"top","change_slides_speed":5,"image_behavior":"none","show_text_below":false,"accessibility_info":"Slideshow about our brand"}},"text_scrolling_VWLkxJ":{"type":"text-scrolling","blocks":{"text_hKDH9p":{"type":"text","settings":{"text":"Welcome to the Heart of Fashion – New York Style Redefined","link":"","outline_text":false}},"text_ygPLAA":{"type":"text","settings":{"text":"Where Style Meets the Streets of New York.","link":"","outline_text":false}},"text_JLciRE":{"type":"text","settings":{"text":"Stay in the Know – Sign up for Style Updates.","link":"","outline_text":false}}},"block_order":["text_hKDH9p","text_ygPLAA","text_JLciRE"],"disabled":true,"settings":{"height":"height-auto","full_width":true,"direction":"left","speed":"20s","rotation":0,"negative_rotation":false,"font_family":"body","text_size":16,"text_uppercase":false,"image_size":"small","color_bg":"#fbe7e7","color_text":"#242833","overlay_color":"#000000","overlay_opacity":0,"disable_top_spacing":true,"disable_bottom_spacing":true}},"product_cards_grid_w4geTJ":{"type":"product-cards-grid","blocks":{"product_UjykWC":{"type":"product","settings":{"product":"","badge_label":""}},"product_BpBxdr":{"type":"product","settings":{"product":"","badge_label":""}},"product_xxDRQj":{"type":"product","settings":{"product":"","badge_label":""}}},"block_order":["product_UjykWC","product_BpBxdr","product_xxDRQj"],"name":"Product Cards Grid","settings":{"heading":"Our Bestsellers","subheading":"Hand-picked favorites parents love","use_collection":true,"collection":"all-product","product_limit":6,"columns_desktop":3,"show_badge":true,"badge_label":"Sale hot","badge_color":"#f91616","star_color":"#f91616","show_add_to_cart":true,"color_scheme":"scheme-1","secondary_background":false,"padding_top":28,"padding_bottom":28}},"growth_play_mkFaz6":{"type":"growth-play","blocks":{"frame_Mdj6bf":{"type":"frame","settings":{"image":"shopify:\/\/shop_images\/2.webp","pill":"","accent":"#f97316","value":"87%","desc":"improvement in problem-solving and logical thinking"}},"frame_bzfwD3":{"type":"frame","settings":{"image":"shopify:\/\/shop_images\/3.avif","pill":"","accent":"#f97316","value":"3x","desc":"faster development of fine motor skills"}},"frame_KRU9te":{"type":"frame","settings":{"image":"shopify:\/\/shop_images\/4.webp","pill":"","accent":"#f97316","value":"60+","desc":"minutes\/day of focused, screen-free playtime"}}},"block_order":["frame_Mdj6bf","frame_bzfwD3","frame_KRU9te"],"name":"Growth Through Play","settings":{"heading":"Watch Your Child Grow Through Play","subheading":"Our toys spark measurable growth in key developmental areas – while your child has fun learning every day","main_image":"shopify:\/\/shop_images\/freepik__enhance1.webp","color_scheme":"","secondary_background":false,"bg":"#ffffff","hero_w":960,"hero_h":548,"frames_w":420,"overlap":36,"gap":18,"thumb_h":150,"radius":20,"padding_top":36,"padding_bottom":36}},"text_with_icon_8grPcK":{"type":"text-with-icon","blocks":{"text_block_g94r8Q":{"type":"text_block","settings":{"icon":"graph","title":"Learning & Playing","text":"<p>Let your child grow through creative play and learning. Discover educationally valuable toys.<\/p>"}},"text_block_azmzyE":{"type":"text_block","settings":{"icon":"shield","title":"Safety & Comfort","text":"<p>Ensure a safe and cozy environment for your child with our high-quality products.<\/p>"}},"text_block_wYqzfD":{"type":"text_block","settings":{"icon":"plant","title":"Creative Development","text":"<p>Encourage your child's creativity with unique and inspiring play ideas.<\/p>"}},"text_block_8pKqEV":{"type":"text_block","settings":{"icon":"stopwatch","title":"Practical Accessories","text":"<p>Simplify everyday life with practical and well-designed baby and child accessories. Quality is key.<\/p>"}}},"block_order":["text_block_g94r8Q","text_block_azmzyE","text_block_wYqzfD","text_block_8pKqEV"],"name":"Custom columns with icons","settings":{"title":"","align_text":"center","heading_size":"h1","content_alignment":"center","desktop_columns_per_row":4,"icon_color":"#000000","column_bg":"","columns_radius":6,"button_label":"","button_link":"","padding_top":4,"padding_bottom":4}},"image_banner_4RGYAB":{"type":"image-banner","blocks":{"heading_Cx7pHf":{"type":"heading","settings":{"heading":"Get to Know Us","heading_size":"h1"}},"text_g4b77m":{"type":"text","settings":{"text":"Discover how Jackie's Kids carefully selects high-quality products for babies and children with dedication and care. Let our philosophy and commitment to your child's development and well-being inspire you.","text_style":"body"}},"buttons_NPi9qE":{"type":"buttons","settings":{"button_label_1":"Learn more","button_link_1":"","button_style_secondary_1":false,"button_label_2":"","button_link_2":"","button_style_secondary_2":false}}},"block_order":["heading_Cx7pHf","text_g4b77m","buttons_NPi9qE"],"name":"t:sections.image-banner.presets.name","settings":{"image":"shopify:\/\/shop_images\/baby-nursery.jpg","image_overlay_opacity":0,"image_height":"medium","desktop_content_position":"middle-center","show_text_box":true,"desktop_content_alignment":"center","color_scheme":"scheme-2","image_behavior":"none","mobile_content_alignment":"center","stack_images_on_mobile":true,"show_text_below":false}},"customer_testimonials_gMrADB":{"type":"customer-testimonials","blocks":{"testimonial_YFFMEq":{"type":"testimonial","settings":{"icon":"quote","quote_color":"#0567af","testimonial":"<p>Had a GREAT experience working with Genielab. Super knowledgeable team and always with good disposition to help make things happen.<\/p>","author":"ALEXIS B","author_info":"Bareful, CEO"}},"testimonial_HQaRJd":{"type":"testimonial","settings":{"icon":"quote","quote_color":"#0567af","testimonial":"<p>We very much believe that our new website will enable us to achieve our business goals. The transition from the old site to the new was smoother than<\/p>","author":"Emily Stewart","author_info":"ShotKam, CEO"}},"testimonial_BxYqdy":{"type":"testimonial","settings":{"icon":"quote","quote_color":"#0567af","testimonial":"<p>Great communication and the work was excellent. After being told no by a few others they were able to get the job done! Will be using them for Shopif<\/p>","author":"George Ramos","author_info":"No Live Bait Needed, CEO"}},"testimonial_fVTt74":{"type":"testimonial","settings":{"icon":"quote","quote_color":"#0567af","testimonial":"<p>Wanted a custom page for our new collection. Great communication during the process and did the job in under 7 days. Will be using again for sure.<\/p>","author":"Sebastian Agace","author_info":"Alma De Ace, CEO"}},"testimonial_iNRygA":{"type":"testimonial","settings":{"icon":"quote","quote_color":"#58809e","testimonial":"<p>Michale Tarr and Christian Behier from The Genie Lab have been excellent to work with. They took on a very arduous task of migrating our website from<\/p>","author":"Neal E. Jarest","author_info":"Opulence of Southern Pines"}}},"block_order":["testimonial_YFFMEq","testimonial_HQaRJd","testimonial_BxYqdy","testimonial_fVTt74","testimonial_iNRygA"],"settings":{"title":"Testimonials","heading_size":"h1","description":"<p>Add customer reviews and testimonials to showcase your store’s happy customers.<\/p>","align_text":"center","dots":false,"autoplay":true,"view_item":3,"tablet_view_item":2,"round_images":false,"color_background":"#f7f7f7","color_text":"#1c1d1d","padding_top":60,"padding_bottom":60}},"contact_form_H9A6mN":{"type":"contact-form","blocks":{"text_UHPQWM":{"type":"text","settings":{"heading":"US Head Office","text":"<p>121 Alhambra Plaza, Suite 1000 Coral Gables, <br\/>FL 33134, USA<br\/><a href=\"tel:13057620130\" title=\"tel:13057620130\">+1 305-762-0130<\/a><\/p>","color_scheme":"scheme-1"}},"text_8gzhrn":{"type":"text","settings":{"heading":"UK Office","text":"<p>Regus 1, Capital Quarter, Tyndall Street  Cardiff  CF10 4BZ <br\/><a href=\"tel:442921280699\" title=\"tel:442921280699\">+44 2921 28 0699<\/a><\/p>","color_scheme":"scheme-1"}}},"block_order":["text_UHPQWM","text_8gzhrn"],"settings":{"heading":"Contact form","heading_size":"h1","color_scheme":"scheme-1","padding_top":60,"padding_bottom":0}}},"order":["slideshow_gwG8wJ","text_scrolling_VWLkxJ","product_cards_grid_w4geTJ","growth_play_mkFaz6","text_with_icon_8grPcK","image_banner_4RGYAB","customer_testimonials_gMrADB","contact_form_H9A6mN"]}