{"sections":{"main":{"type":"main-page","disabled":true,"settings":{"heading_size":"h1","heading_alignment":"left","padding_top":28,"padding_bottom":28}},"rich_text_izVQxY":{"type":"rich-text","blocks":{"heading_mYEiHr":{"type":"heading","settings":{"heading":"Our Portflio","heading_size":"h1"}},"text_Q4eXm9":{"type":"text","settings":{"text":"<p>Share information about your brand with your customers. Describe a product, make announcements, or welcome customers to your store.<\/p>"}}},"block_order":["heading_mYEiHr","text_Q4eXm9"],"settings":{"desktop_content_position":"center","content_alignment":"center","color_scheme":"scheme-2","full_width":true,"padding_top":60,"padding_bottom":60}},"portfolio_gallery_38Ne7a":{"type":"portfolio-gallery","blocks":{"image_Qnj8N4":{"type":"image","settings":{"image":"shopify:\/\/shop_images\/portrait-happy-female-friend-standing-front-wall_23-2147894498.jpg","alt_text":"Gallery Image"}},"video_76aBYf":{"type":"video","settings":{"video_url":""}},"image_tpkWPX":{"type":"image","settings":{"image":"shopify:\/\/shop_images\/women-model-demonstrating-cloths_1303-30941.jpg","alt_text":"Gallery Image"}}},"block_order":["image_Qnj8N4","video_76aBYf","image_tpkWPX"],"settings":{"padding_top":60,"padding_bottom":0}}},"order":["main","rich_text_izVQxY","portfolio_gallery_38Ne7a"]}