{"sections":{"main":{"type":"main-page","disabled":true,"settings":{"padding_top":36,"padding_bottom":36}},"image_banner_eDLagi":{"type":"image-banner","blocks":{"heading_fHt4Tk":{"type":"heading","settings":{"heading":"Contact Us","heading_size":"h0"}},"text_VrHd4L":{"type":"text","settings":{"text":"Give customers details about the banner image(s) or content on the template.","text_style":"body"}}},"block_order":["heading_fHt4Tk","text_VrHd4L"],"settings":{"image":"shopify:\/\/shop_images\/pretty-girl-blue-shirt-dreamily-using-tablet-while-recording-new-fashion-video-vlog_574295-5300.jpg","image_overlay_opacity":40,"image_height":"medium","desktop_content_position":"middle-center","show_text_box":true,"desktop_content_alignment":"center","color_scheme":"scheme-c93cb1bc-64df-482f-964f-5c7fbaa98295","image_behavior":"none","mobile_content_alignment":"center","stack_images_on_mobile":true,"show_text_below":true}},"rich_text_r3ytTX":{"type":"rich-text","blocks":{"heading_kcchny":{"type":"heading","settings":{"heading":"Get in touch","heading_size":"h1"}},"text_xH4J64":{"type":"text","settings":{"text":"<p>Use this text to share information about your brand with your customers. Describe a product, share announcements, or welcome customers to your store.<\/p>"}}},"block_order":["heading_kcchny","text_xH4J64"],"settings":{"desktop_content_position":"left","content_alignment":"left","color_scheme":"","full_width":true,"padding_top":60,"padding_bottom":40}},"form":{"type":"contact-form","blocks":{"text_qmaEba":{"type":"text","settings":{"heading":"US Head Office","text":"<p>121 Alhambra Plaza, Suite 1000 Coral Gables,<br\/>FL 33134, USA<br\/><a href=\"tel:13057620130\" title=\"tel:13057620130\">+1 305-762-0130<\/a><\/p>","color_scheme":"scheme-1"}},"text_YELYCK":{"type":"text","settings":{"heading":"UK Office","text":"<p>Regus 1, Capital Quarter, Tyndall Street <br\/>Cardiff  CF10 4BZ <br\/><a href=\"tel:442921280699\" title=\"tel:442921280699\">+44 2921 28 0699<\/a><\/p>","color_scheme":"scheme-1"}}},"block_order":["text_qmaEba","text_YELYCK"],"settings":{"heading":"","heading_size":"h1","color_scheme":"scheme-1","padding_top":0,"padding_bottom":0}}},"order":["main","image_banner_eDLagi","rich_text_r3ytTX","form"]}