{"sections":{"main":{"type":"main-page","disabled":true,"settings":{"heading_size":"h1","heading_alignment":"center","padding_top":28,"padding_bottom":28}},"rich_text_8pkmf8":{"type":"rich-text","blocks":{"heading_UN4WY9":{"type":"heading","settings":{"heading":"Frequently Asked Questions","heading_size":"h1"}},"text_p76G7p":{"type":"text","settings":{"text":"<p>Share information about your brand with your customers. Describe a product, make announcements, or welcome customers to your store.<\/p>"}}},"block_order":["heading_UN4WY9","text_p76G7p"],"settings":{"desktop_content_position":"center","content_alignment":"center","color_scheme":"","full_width":true,"padding_top":60,"padding_bottom":40}},"accordion_content_76rbUB":{"type":"accordion-content","blocks":{"faq_block_gXdCHF":{"type":"faq_block","settings":{"question":"Do you ship internationally?","answer":"<p>Yes, we offer international shipping to most countries. Shipping costs and delivery times vary depending on your location and will be calculated at checkout.<\/p>"}},"faq_block_qniMk3":{"type":"faq_block","settings":{"question":"What payment methods do you accept?","answer":"<p>We accept major credit cards (Visa, MasterCard, American Express), PayPal, Apple Pay, and other secure payment options.<\/p>"}},"faq_block_tPepc9":{"type":"faq_block","settings":{"question":"How do I track my order?","answer":"<p>Once your order is shipped, you will receive a tracking number via email. You can use this number to track your package on the courier’s website.<\/p>"}},"faq_block_t4LKm6":{"type":"faq_block","settings":{"question":"What is your return and exchange policy?","answer":"<p>We accept returns and exchanges within 30 days of delivery for unused items with original tags. Please visit our <a href=\"\/pages\/return-policy\" title=\"Return Policy\"><strong>Returns & Exchanges<\/strong><\/a> page for detailed instructions.<\/p>"}},"faq_block_tr7Wia":{"type":"faq_block","settings":{"question":"How can I contact customer service?","answer":"<p>Our customer service team is available via email at <a href=\"mailto:christian@thegenielab.com\" title=\"mailto:christian@thegenielab.com\">christian@thegenielab.com<\/a> or through <br\/>our <a href=\"\/pages\/contact\" title=\"Contact Us\"><strong>Contact Us<\/strong><\/a> form on the website. We aim to respond within 24 hours.<\/p>"}},"faq_block_zTgrJr":{"type":"faq_block","settings":{"question":"Are your products authentic?","answer":"<p>Yes, all our products are 100% authentic and sourced directly from trusted designers and brands.<\/p>"}}},"block_order":["faq_block_gXdCHF","faq_block_qniMk3","faq_block_tPepc9","faq_block_t4LKm6","faq_block_tr7Wia","faq_block_zTgrJr"],"settings":{"faq_title":"","description":"","width_narrow":true,"active_bg":"#f7f9fd","active_text_color":"#121212","heading_size":"h1","heading_alignment":"center","padding_top":0,"padding_bottom":36}}},"order":["main","rich_text_8pkmf8","accordion_content_76rbUB"]}