{"layout":"password","sections":{"main":{"type":"email-signup-banner","blocks":{"heading":{"type":"heading","settings":{"heading":"Newyork Fashion","heading_size":"h1"}},"paragraph":{"type":"paragraph","settings":{"text":"<p>Please enter the following password to preview the demo:<\/p><p><strong>Password is: <\/strong>TheGenieLab<\/p>","text_style":"body"}},"email_form":{"type":"email_form","settings":{}}},"block_order":["heading","paragraph","email_form"],"settings":{"image":"shopify:\/\/shop_images\/beautiful-woman-winter.jpg","image_overlay_opacity":0,"show_background_image":true,"image_height":"medium","desktop_content_position":"middle-left","show_text_box":false,"desktop_content_alignment":"left","color_scheme":"scheme-2","mobile_content_alignment":"center","show_text_below":true}}},"order":["main"]}