{"sections":{"main":{"type":"main-product","blocks":{"title":{"type":"title","settings":{}},"rating_keiaJi":{"type":"rating","settings":{}},"price":{"type":"price","settings":{}},"text_dG86UX":{"type":"text","settings":{"text":"The Learn & Play Magnetic Puzzle Board (Ages 3-8): Spark your child's creativity and build fine motor skills with this fun, educational toy that's perfect for home or on-the-go","text_style":"body"}},"variant_picker":{"type":"variant_picker","settings":{"picker_type":"button","swatch_shape":"square"}},"quantity_selector":{"type":"quantity_selector","settings":{}},"buy_buttons":{"type":"buy_buttons","settings":{"show_dynamic_checkout":true,"show_gift_card_recipient":true}},"text_gAGAmG":{"type":"text","settings":{"text":"<strong>Magnetic Drawing Board – Bigger, Safer & More Fun!<\/strong>","text_style":"body"}},"text_8QVUD4":{"type":"text","settings":{"text":"✨ <strong>Bigger & Better Fun<\/strong> – With a size of 10.24\", this magnetic doodle board is perfect for endless drawing and puzzle play. Kids can move colorful beads to create amazing patterns and let their imagination run wild.🌱","text_style":"body"}},"text_Gmaf7j":{"type":"text","settings":{"text":"<strong>Safe & Durable<\/strong> – Made from non-toxic, eco-friendly ABS plastic with smooth rounded corners to protect little hands. The magnetic beads are safely enclosed, so there’s no risk of swallowing.","text_style":"body"}},"text_D4Xmmg":{"type":"text","settings":{"text":"🧩 <strong>Montessori Learning Toy<\/strong> – More than just fun! Helps kids learn colors, shapes, and counting while boosting fine motor skills, hand-eye coordination, and problem-solving.","text_style":"body"}},"text_QRFC7f":{"type":"text","settings":{"text":"🚗 <strong>Perfect Travel Toy<\/strong> – Lightweight and portable, easy to slip into a backpack for fun on the go—whether at home, in the car, or on vacation.","text_style":"body"}},"collapsible_tab_yhtXkC":{"type":"collapsible_tab","disabled":true,"settings":{"heading":"Free & Insured Shipping","icon":"dairy_free","content":"<p>Shipping is completely free.<br\/><br\/>Due to high demand for orders, processing may vary from 2 to 3 business days.<br\/><br\/>Shipments take 8 to 10 business days (depending on the destination).<\/p>","page":""}},"collapsible_tab_NChKA6":{"type":"collapsible_tab","disabled":true,"settings":{"heading":"Special Offer","icon":"heart","content":"<p>Once the offer ends, the product will return to its original price.<\/p>","page":""}},"collapsible_tab_LdrDLc":{"type":"collapsible_tab","disabled":true,"settings":{"heading":"Guaranteed Returns","icon":"return","content":"<p>If the product arrives damaged or in poor condition and\/or you wish to make a return, you have 30 days to process it. Transportation is the responsibility of the client.<br\/><br\/>Shipping costs are the responsibility of the customer.<\/p>","page":""}}},"block_order":["title","rating_keiaJi","price","text_dG86UX","variant_picker","quantity_selector","buy_buttons","text_gAGAmG","text_8QVUD4","text_Gmaf7j","text_D4Xmmg","text_QRFC7f","collapsible_tab_yhtXkC","collapsible_tab_NChKA6","collapsible_tab_LdrDLc"],"settings":{"enable_sticky_info":true,"color_scheme":"scheme-1","media_size":"medium","constrain_to_viewport":true,"media_fit":"contain","gallery_layout":"thumbnail_slider","media_position":"left","image_zoom":"lightbox","mobile_thumbnails":"show","hide_variants":false,"enable_video_looping":false,"padding_top":12,"padding_bottom":0}},"multicolumn_rHeAFV":{"type":"multicolumn","blocks":{"column_wmCNyf":{"type":"column","settings":{"title":"😣 “Why can’t my child focus?”","text":"<p>Kids get distracted and frustrated so easily without the right activities to engage their mind and body.<\/p>","link_label":"","link":""}},"column_npy4BC":{"type":"column","settings":{"title":"📱 “Too much screen time…”","text":"<p>Phones and tablets keep them quiet for a while, but hurt their learning, communication, and even sleep.<\/p>","link_label":"","link":""}},"column_Cpk7P7":{"type":"column","settings":{"title":"🍀 “Most toys don’t really teach anything.”","text":"<p>Many toys are just quick distractions. They don’t help kids build focus, patience, or real skills.<\/p>","link_label":"","link":""}},"column_NyzTUd":{"type":"column","settings":{"title":"⏰ “Going out is always a battle.”","text":"<p>At restaurants, on planes, or waiting rooms—keeping kids calm without the right toy feels impossible.<\/p>","link_label":"","link":""}}},"block_order":["column_wmCNyf","column_npy4BC","column_Cpk7P7","column_NyzTUd"],"name":"t:sections.multicolumn.presets.name","settings":{"title":"The Struggles Every Parent Knows","heading_size":"h1","image_width":"full","image_ratio":"adapt","columns_desktop":4,"column_alignment":"left","background_style":"primary","button_label":"","button_link":"","color_scheme":"","columns_mobile":"1","swipe_on_mobile":false,"padding_top":20,"padding_bottom":20}},"rich_text_mmCcbY":{"type":"rich-text","blocks":{"heading_haQNU8":{"type":"heading","settings":{"heading":"The Smart Solution Parents Have Been Waiting For","heading_size":"h1"}},"text_FpYHie":{"type":"text","settings":{"text":"<p>The <strong>Magnetic Pen Baby Drawing Board<\/strong> brings back real play – helping kids stay <strong>focused, calm, and creative<\/strong> every day.<\/p><p>✨ No messy ink.<br\/><br\/>✨ No toxic materials.<br\/><br\/>✨ Just safe, hands-on fun – at home or on the go.<\/p><p>Finally, a toy that keeps your child busy, learning, and happy – while giving you peace of mind.<\/p>"}}},"block_order":["heading_haQNU8","text_FpYHie"],"name":"t:sections.rich-text.presets.name","settings":{"desktop_content_position":"center","content_alignment":"center","color_scheme":"","full_width":true,"padding_top":20,"padding_bottom":20}},"multirow_wThfbw":{"type":"multirow","blocks":{"row_nr8XgP":{"type":"row","settings":{"image":"shopify:\/\/shop_images\/b11.avif","caption":"","heading":"Boost Cognitive Skills","text":"<p>Spark imagination, logic, and color\/shape recognition through hands-on play.<\/p>","button_label":"","button_link":""}},"row_kFWFRF":{"type":"row","settings":{"image":"shopify:\/\/shop_images\/b13.avif","caption":"","heading":"Improve Focus","text":"<p>Fun challenges keep kids engaged and sitting still for 30–40 minutes at a time.<\/p>","button_label":"","button_link":""}},"row_khKeCa":{"type":"row","settings":{"image":"shopify:\/\/shop_images\/b12.avif","caption":"","heading":"Family Connection","text":"<p>A perfect game for parents and kids to enjoy together, creating quality bonding moments.<\/p>","button_label":"","button_link":""}},"row_JLtdQR":{"type":"row","settings":{"image":"shopify:\/\/shop_images\/3_3cdeaad5-38b0-4411-a1dc-b2beb69f3dcc.jpg","caption":"","heading":"Travel-Friendly Fun","text":"<p>Lightweight and mess-free – the ideal toy for airplanes, restaurants, or on-the-go adventures.<\/p>","button_label":"","button_link":""}}},"block_order":["row_nr8XgP","row_kFWFRF","row_khKeCa","row_JLtdQR"],"name":"t:sections.multirow.presets.name","settings":{"image_height":"adapt","desktop_image_width":"medium","heading_size":"h1","text_style":"body","button_style":"secondary","desktop_content_position":"middle","desktop_content_alignment":"left","image_layout":"alternate-left","section_color_scheme":"","row_color_scheme":"","mobile_content_alignment":"left","row_gap":10,"padding_top":12,"padding_bottom":12}},"image_banner_77LfGq":{"type":"image-banner","blocks":{"heading_BF4PH6":{"type":"heading","settings":{"heading":"Giải pháp: Bảng Nam Châm Thế Hệ Mới","heading_size":"h1"}},"text_8pEFHa":{"type":"text","settings":{"text":"<strong>Magnetic Drawing Board<\/strong>ra đời để giúp con<strong>tập trung sâu, bình tĩnh và sáng tạo <\/strong>qua các bài xếp bi nam châm thú vị. Không mực, không bừa bộn, an toàn tuyệt đối – phù hợp ở nhà hay khi di chuyển.","text_style":"subtitle"}}},"block_order":["heading_BF4PH6","text_8pEFHa"],"disabled":true,"name":"t:sections.image-banner.presets.name","settings":{"image":"shopify:\/\/shop_images\/1.jpg","image_overlay_opacity":0,"image_height":"medium","desktop_content_position":"middle-center","show_text_box":true,"desktop_content_alignment":"center","color_scheme":"","image_behavior":"none","mobile_content_alignment":"center","stack_images_on_mobile":true,"show_text_below":true}},"text_with_icon_VDYetC":{"type":"text-with-icon","blocks":{"text_block_DKzrxC":{"type":"text_block","settings":{"icon":"graph","title":"Phát triển tư duy","text":"<p>Kích thích tưởng tượng, logic và nhận biết màu sắc\/hình khối.<\/p>"}},"text_block_ycRp6R":{"type":"text_block","settings":{"icon":"stopwatch","title":"Tăng khả năng tập trung","text":"<p>Nhiệm vụ nhỏ liên hoàn giúp bé ngồi yên 30–40 phút.<\/p>"}},"text_block_JVGd4T":{"type":"text_block","settings":{"icon":"ribbon","title":"Rèn vận động tinh","text":"<p>Điều khiển bút – bi chính xác, khéo léo, tiền đề viết chữ.<\/p>"}}},"block_order":["text_block_DKzrxC","text_block_ycRp6R","text_block_JVGd4T"],"disabled":true,"name":"Custom columns with icons","settings":{"title":"Lợi ích con nhận được ngay","align_text":"center","heading_size":"h1","content_alignment":"center","desktop_columns_per_row":3,"icon_color":"#000000","column_bg":"","columns_radius":6,"button_label":"","button_link":"","padding_top":12,"padding_bottom":12}},"text_with_icon_P7KBhx":{"type":"text-with-icon","blocks":{"text_block_jr3C8g":{"type":"text_block","settings":{"icon":"package","title":"Hoàn hảo khi di chuyển","text":"<p>Gọn nhẹ, không bừa bãi – lý tưởng cho máy bay, nhà hàng.<\/p>"}},"text_block_DDVVgQ":{"type":"text_block","settings":{"icon":"charity","title":"Kết nối gia đình","text":"<p>Ba mẹ cùng tham gia, tăng tương tác chất lượng.<\/p>"}},"text_block_UVCb4w":{"type":"text_block","settings":{"icon":"gears","title":"An toàn & bền bỉ","text":"<p>Bo tròn, khép kín – đạt chuẩn an toàn quốc tế.<\/p>"}}},"block_order":["text_block_jr3C8g","text_block_DDVVgQ","text_block_UVCb4w"],"disabled":true,"name":"Custom columns with icons","settings":{"title":"","align_text":"center","heading_size":"h1","content_alignment":"center","desktop_columns_per_row":3,"icon_color":"#000000","column_bg":"","columns_radius":6,"button_label":"","button_link":"","padding_top":36,"padding_bottom":36}},"customer_testimonials_mmTjki":{"type":"customer-testimonials","blocks":{"testimonial_WApJx8":{"type":"testimonial","settings":{"icon":"5-stars","quote_color":"#0567af","testimonial":"<p>\"My child can now sit and focus for up to 40 minutes! Eating out is so much easier and more enjoyable for the whole family.\"<\/p>","image":"shopify:\/\/shop_images\/A04cfa1e79558410aac2b6ac5ff55f607L_jpg_220x220_jpg.webp","author":"Amelinda","author_info":"A happy mom"}},"testimonial_jWXrfJ":{"type":"testimonial","settings":{"icon":"5-stars","quote_color":"#0567af","testimonial":"<p>\"No more begging for the iPad on the plane. This toy keeps everything neat, clean, and stress-free when we travel.\"<\/p>","image":"shopify:\/\/shop_images\/UTB8QlFJjXPJXKJkSahVq6xyzFXat_jpg_220x220_jpg.webp","author":"Cadell","author_info":"A dad of two"}},"testimonial_7ret38":{"type":"testimonial","settings":{"icon":"5-stars","quote_color":"#0567af","testimonial":"<p>The magnetic board is not only fun, but it also helps my kid develop fine motor skills and emotional balance. Such a meaningful toy!\"<\/p>","image":"shopify:\/\/shop_images\/UTB81O_5hpPJXKJkSahVq6xyzFXa8_jpg_220x220_jpg.webp","author":"Louisa","author_info":"A grateful parent"}}},"block_order":["testimonial_WApJx8","testimonial_jWXrfJ","testimonial_7ret38"],"name":"t:sections.testimonials.presets.testimonials.name","settings":{"title":"What Parents Are Saying","heading_size":"h2","description":"<p>Real stories from moms and dads who’ve seen the difference. Nothing speaks louder than the smiles, focus, and joy of happy kids — and the relief of parents who finally found a toy that truly works.<\/p>","align_text":"center","dots":true,"autoplay":true,"view_item":3,"tablet_view_item":2,"round_images":true,"color_background":"#f9f9f9","color_text":"#1c1d1d","padding_top":60,"padding_bottom":60}},"collapsible_content_jtaQyF":{"type":"collapsible-content","blocks":{"collapsible_row_yMR8rJ":{"type":"collapsible_row","settings":{"heading":"What is the recommended age?","icon":"question_mark","row_content":"<p>It's perfect for kids aged 3 to 8. It’s a fun way for them to develop hand-eye coordination and fine motor skills.<\/p>","page":""}},"collapsible_row_Va9de6":{"type":"collapsible_row","settings":{"heading":"Will the marbles fall out?","icon":"question_mark","row_content":"<p>No, they won't. The board features an enclosed design that keeps all the marbles safely inside, making it mess-free and safe for children.<\/p>","page":""}},"collapsible_row_h66Jeh":{"type":"collapsible_row","settings":{"heading":"How do I clean it?","icon":"question_mark","row_content":"<p>It's easy! Simply wipe it down with a damp cloth. Please avoid using harsh chemicals to protect the materials.<\/p>","page":""}},"collapsible_row_9n7gC3":{"type":"collapsible_row","settings":{"heading":"What is your return policy?","icon":"question_mark","row_content":"<p>We have a 30-day money-back guarantee. If you're not 100% satisfied with your purchase, you can return it for a full refund, no questions asked.<\/p>","page":""}}},"block_order":["collapsible_row_yMR8rJ","collapsible_row_Va9de6","collapsible_row_h66Jeh","collapsible_row_9n7gC3"],"name":"t:sections.collapsible_content.presets.name","settings":{"caption":"","heading":"<strong>Frequently Asked Questions<\/strong>","heading_size":"h1","heading_alignment":"center","layout":"none","color_scheme":"","container_color_scheme":"","open_first_collapsible_row":false,"image_ratio":"adapt","desktop_layout":"image_second","padding_top":36,"padding_bottom":36}},"related-products":{"type":"related-products","disabled":true,"settings":{"heading":"You may also like","heading_size":"h2","products_to_show":4,"columns_desktop":4,"color_scheme":"scheme-1","image_ratio":"square","image_shape":"default","show_secondary_image":true,"show_vendor":false,"show_rating":false,"columns_mobile":"2","padding_top":60,"padding_bottom":0}}},"order":["main","multicolumn_rHeAFV","rich_text_mmCcbY","multirow_wThfbw","image_banner_77LfGq","text_with_icon_VDYetC","text_with_icon_P7KBhx","customer_testimonials_mmTjki","collapsible_content_jtaQyF","related-products"]}