{"sections":{"main":{"type":"main-product","blocks":{"vendor":{"type":"text","settings":{"text":"{{ product.vendor }}","text_style":"uppercase"}},"title":{"type":"title","settings":{}},"rating_keiaJi":{"type":"rating","settings":{}},"price":{"type":"price","settings":{}},"icon_with_text_jjFrUc":{"type":"icon-with-text","settings":{"layout":"vertical","icon_1":"star","heading_1":"Interactive learning","icon_2":"star","heading_2":"Enhance congitive skills","icon_3":"star","heading_3":"Brain developing"}},"variant_picker":{"type":"variant_picker","settings":{"picker_type":"dropdown","swatch_shape":"circle"}},"quantity_selector":{"type":"quantity_selector","settings":{}},"buy_buttons":{"type":"buy_buttons","settings":{"show_dynamic_checkout":true,"show_gift_card_recipient":true}},"collapsible_tab_yhtXkC":{"type":"collapsible_tab","settings":{"heading":"Collapsible row","icon":"heart","content":"","page":""}}},"block_order":["vendor","title","rating_keiaJi","price","icon_with_text_jjFrUc","variant_picker","quantity_selector","buy_buttons","collapsible_tab_yhtXkC"],"settings":{"enable_sticky_info":true,"color_scheme":"scheme-1","media_size":"small","constrain_to_viewport":false,"media_fit":"contain","gallery_layout":"thumbnail_slider","media_position":"left","image_zoom":"lightbox","mobile_thumbnails":"show","hide_variants":true,"enable_video_looping":false,"padding_top":60,"padding_bottom":0}},"related-products":{"type":"related-products","settings":{"heading":"You may also like","heading_size":"h2","products_to_show":4,"columns_desktop":4,"color_scheme":"scheme-1","image_ratio":"square","image_shape":"default","show_secondary_image":true,"show_vendor":false,"show_rating":false,"columns_mobile":"2","padding_top":60,"padding_bottom":0}},"rich_text_R4Dcgt":{"type":"rich-text","blocks":{"heading_ipjFMp":{"type":"heading","settings":{"heading":"Talk about your brand","heading_size":"h1"}},"text_337Baw":{"type":"text","settings":{"text":"<p>Share information about your brand with your customers. Describe a product, make announcements, or welcome customers to your store.<\/p>"}},"button_Frqnzn":{"type":"button","settings":{"button_label":"Button label","button_link":"","button_style_secondary":false,"button_label_2":"","button_link_2":"","button_style_secondary_2":false}}},"block_order":["heading_ipjFMp","text_337Baw","button_Frqnzn"],"name":"t:sections.rich-text.presets.name","settings":{"desktop_content_position":"center","content_alignment":"center","color_scheme":"","full_width":true,"padding_top":40,"padding_bottom":52}}},"order":["main","related-products","rich_text_R4Dcgt"]}