{"sections":{"main":{"type":"main-product","blocks":{"vendor":{"type":"text","settings":{"text":"{{ product.vendor }}","text_style":"uppercase"}},"title":{"type":"title","settings":{}},"rating_keiaJi":{"type":"rating","settings":{}},"price":{"type":"price","settings":{}},"text_mgeUVW":{"type":"text","settings":{"text":"Mini Football Parent-Child Game Plastic Tabletop Competitive Soccer Games Easy Installation Safe Sturdy for Children Party Gifts","text_style":"body"}},"variant_picker":{"type":"variant_picker","settings":{"picker_type":"dropdown","swatch_shape":"circle"}},"quantity_selector":{"type":"quantity_selector","settings":{}},"buy_buttons":{"type":"buy_buttons","settings":{"show_dynamic_checkout":true,"show_gift_card_recipient":true}},"collapsible_tab_yhtXkC":{"type":"collapsible_tab","settings":{"heading":"Kid-Safe Materials","icon":"check_mark","content":"<p>We use strong, high-quality ABS material so your portable foosball table is built for years of play. Plus, it's completely safe for the whole family.<\/p>","page":""}},"collapsible_tab_xUKbbg":{"type":"collapsible_tab","settings":{"heading":"Easy Interactive Fun","icon":"check_mark","content":"<p>The Tabletop Soccer Game is designed to look just like a real soccer field for exciting two-player action. Perfect for all ages, it’s a fantastic way to unwind, improve hand-eye coordination, and connect with friends and family.<\/p>","page":""}},"collapsible_tab_BMBY3g":{"type":"collapsible_tab","settings":{"heading":"Easy Assembly","icon":"check_mark","content":"<p>Our interactive tabletop soccer game is quick and easy to set up, letting you start a fun match in just minutes.<\/p>","page":""}},"collapsible_tab_UUk9pw":{"type":"collapsible_tab","settings":{"heading":"A Great Gift for Boys and Girls","icon":"check_mark","content":"<p>This family fun soccer game makes a great gift for friends and relatives, helping to strengthen the bond between parents and their children.<\/p>","page":""}}},"block_order":["vendor","title","rating_keiaJi","price","text_mgeUVW","variant_picker","quantity_selector","buy_buttons","collapsible_tab_yhtXkC","collapsible_tab_xUKbbg","collapsible_tab_BMBY3g","collapsible_tab_UUk9pw"],"settings":{"enable_sticky_info":true,"color_scheme":"scheme-1","media_size":"small","constrain_to_viewport":false,"media_fit":"contain","gallery_layout":"thumbnail_slider","media_position":"left","image_zoom":"lightbox","mobile_thumbnails":"show","hide_variants":true,"enable_video_looping":false,"padding_top":20,"padding_bottom":20}},"image_with_text_fC6hgT":{"type":"image-with-text","blocks":{"heading_ptwV8F":{"type":"heading","settings":{"heading":"<strong>5 Minutes of Screen-Free Family Fun<\/strong>","heading_size":"h1"}},"text_HgDnfT":{"type":"text","settings":{"text":"<p>Bring your family closer, relieve stress, and create moments of joyful laughter with just one compact game that's completely safe for children.<\/p>","text_style":"body"}}},"block_order":["heading_ptwV8F","text_HgDnfT"],"name":"t:sections.image-with-text.presets.name","settings":{"image":"shopify:\/\/shop_images\/0818_1_1.gif","height":"adapt","desktop_image_width":"medium","layout":"image_first","desktop_content_position":"top","desktop_content_alignment":"left","content_layout":"no-overlap","section_color_scheme":"","color_scheme":"","image_behavior":"none","mobile_content_alignment":"center","padding_top":8,"padding_bottom":4}},"feature_highlights_fYhgXL":{"type":"feature-highlights","blocks":{"feature_column_zHWWc4":{"type":"feature_column","settings":{"icon_image":"shopify:\/\/shop_images\/heart.png","title":"Bringing Everyone Together","link":"","description":"<p>Create happy memories that will last a lifetime. It’s the perfect game for any family gathering or party.<\/p>"}},"feature_column_PUTWGb":{"type":"feature_column","settings":{"icon_image":"shopify:\/\/shop_images\/unprotected.png","title":"Completely Safe & Super Durable","link":"","description":"<p>Made of high-quality, non-toxic, BPA-free ABS plastic. With smooth, rounded edges, this game is designed to be safe for your little ones.<\/p>"}},"feature_column_yyp8fX":{"type":"feature_column","settings":{"icon_image":"shopify:\/\/shop_images\/download.png","title":"Smart and Compact Design","link":"","description":"<p>Its compact design makes it easy to take anywhere for fun on the go.<\/p>"}},"feature_column_DLBfNm":{"type":"feature_column","settings":{"icon_image":"shopify:\/\/shop_images\/brain.png","title":"Skill Development","link":"","description":"<p>This game is a fun way for children to improve hand-eye coordination, concentration, and tactical thinking, all through the excitement of play.<\/p>"}}},"block_order":["feature_column_zHWWc4","feature_column_PUTWGb","feature_column_yyp8fX","feature_column_DLBfNm"],"name":"Feature Highlights","settings":{"heading":"Why Choose Our Tabletop Soccer Game?","background_color":"#f9f9f9","heading_color":"#334fb4","text_color":"#555555","link_color":"#334fb4","columns_desktop":4}},"customer_testimonials_hQKtnJ":{"type":"customer-testimonials","blocks":{"testimonial_mJ8VhE":{"type":"testimonial","settings":{"icon":"5-stars","quote_color":"#0567af","testimonial":"<p>I bought this to reduce my son's screen time, and to my surprise, he absolutely loves it! I'm also really impressed with the quality—the plastic is very sturdy and safe.<\/p>","image":"shopify:\/\/shop_images\/images.jpg","author":"Sarah M. (Mom of a 4-year-old)","author_info":""}},"testimonial_cyPCMQ":{"type":"testimonial","settings":{"icon":"5-stars","quote_color":"#0567af","testimonial":"<p>\"I was really impressed when this arrived. It feels very sturdy and is nice and compact. My kid loves taking it to play with friends.\"<\/p>","image":"shopify:\/\/shop_images\/13.avif","author":"Alex T. (28 tuổi)","author_info":""}},"testimonial_RTcpTY":{"type":"testimonial","settings":{"icon":"5-stars","quote_color":"#0567af","testimonial":"<p>The best birthday gift I’ve ever bought for my nephew! His whole family couldn't stop laughing. Shipping was really fast, too.<\/p>","image":"shopify:\/\/shop_images\/12.avif","author":"David P. (Gift Giver)","author_info":""}}},"block_order":["testimonial_mJ8VhE","testimonial_cyPCMQ","testimonial_RTcpTY"],"name":"t:sections.testimonials.presets.testimonials.name","settings":{"title":"What Our Customers Are Saying","heading_size":"h1","description":"","align_text":"center","dots":true,"autoplay":true,"view_item":3,"tablet_view_item":2,"round_images":true,"color_background":"#f9f9f9","color_text":"#1c1d1d","padding_top":12,"padding_bottom":0}},"whats_included_VGMDhy":{"type":"whats-included","blocks":{"included_item_zne99U":{"type":"included_item","settings":{"item_text":"1 x Foosball Winner Game Board (Durable ABS Plastic)"}},"included_item_beWAM6":{"type":"included_item","settings":{"item_text":"16 x Mini Soccer Balls"}},"included_item_LjWLcx":{"type":"included_item","settings":{"item_text":"1 x Storage Box & Instruction Manual"}}},"block_order":["included_item_zne99U","included_item_beWAM6","included_item_LjWLcx"],"name":"What's Included","settings":{"heading":"What's Included","image":"shopify:\/\/shop_images\/S4a15fb4818a647d7b294a4156b0f5ab2w.webp","layout":"image_left","background_color":"#f8f9fc","heading_color":"#1a3b71","text_color":"#333333","icon_color":"#28a745"}},"image_with_stats_Jh3MaX":{"type":"image-with-stats","blocks":{"stat_Fr3wiE":{"type":"stat","settings":{"percentage":"Made with BPA-free materials.","description":"This product is crafted from premium, high-quality ABS plastic, which is guaranteed to be non-toxic and free from harmful BPA to protect your child's health."}},"stat_qmAwrx":{"type":"stat","settings":{"percentage":"Non-Toxic Materials","description":"Certified safe for children's toys, this product is also odor-free, hypoallergenic, and eco-friendly."}},"stat_BqzfeR":{"type":"stat","settings":{"percentage":"Smooth, Rounded Edges","description":"Every corner and edge of this product is carefully smoothed and rounded, completely eliminating the risk of scratching your child's sensitive skin."}}},"block_order":["stat_Fr3wiE","stat_qmAwrx","stat_BqzfeR"],"name":"Image with Stats","settings":{"heading":"Your Child's Safety Is Our #1 Priority.","subheading":"","image":"shopify:\/\/shop_images\/19.jpg","image_corner_radius":12,"background_color":"#ffffff","heading_color":"#334fb4","text_color":"#555555"}},"collapsible_content_eXCmh8":{"type":"collapsible-content","blocks":{"collapsible_row_QKUhfj":{"type":"collapsible_row","settings":{"heading":"What is this game made of, and is it safe?","icon":"question_mark","row_content":"<p>The game is made from high-quality, BPA-free ABS plastic. It has been fully tested and certified to be safe for children, which is our top priority.<\/p>","page":""}},"collapsible_row_e9KR4T":{"type":"collapsible_row","settings":{"heading":"Is this game suitable for a 4-year-old?","icon":"question_mark","row_content":"<p>Yes, it's perfect for that age! The rules are simple enough for a 4-year-old to understand instantly, yet the game is still challenging enough to keep adults engaged.<\/p>","page":""}},"collapsible_row_4Agexq":{"type":"collapsible_row","settings":{"heading":"How big is the game, and is it easy to store?","icon":"check_mark","row_content":"<p>The product is very compact, measuring about 16.5 x 8.3 inches (42x21cm). You can easily store it under a sofa, in a closet, or take it with you when you travel.<\/p>","page":""}},"collapsible_row_VjL7aH":{"type":"collapsible_row","settings":{"heading":"How long does shipping take?","icon":"check_mark","row_content":"<p>Estimated delivery time is 5-10 business days. You will receive an email with your tracking number within 24 hours of placing your order.<\/p>","page":""}}},"block_order":["collapsible_row_QKUhfj","collapsible_row_e9KR4T","collapsible_row_4Agexq","collapsible_row_VjL7aH"],"name":"t:sections.collapsible_content.presets.name","settings":{"caption":"","heading":"FAQ","heading_size":"h1","heading_alignment":"center","layout":"none","color_scheme":"","container_color_scheme":"","open_first_collapsible_row":false,"image_ratio":"adapt","desktop_layout":"image_second","padding_top":36,"padding_bottom":36}},"related-products":{"type":"related-products","disabled":true,"settings":{"heading":"You may also like","heading_size":"h2","products_to_show":4,"columns_desktop":4,"color_scheme":"scheme-1","image_ratio":"square","image_shape":"default","show_secondary_image":true,"show_vendor":false,"show_rating":false,"columns_mobile":"2","padding_top":60,"padding_bottom":0}}},"order":["main","image_with_text_fC6hgT","feature_highlights_fYhgXL","customer_testimonials_hQKtnJ","whats_included_VGMDhy","image_with_stats_Jh3MaX","collapsible_content_eXCmh8","related-products"]}