{"sections":{"main":{"type":"main-product","blocks":{"vendor":{"type":"text","settings":{"text":"","text_style":"uppercase"}},"title":{"type":"title","settings":{}},"rating_keiaJi":{"type":"rating","settings":{}},"price":{"type":"price","settings":{}},"text_Gm7mC7":{"type":"text","settings":{"text":"<strong>The 5-Minute Game That Reconnects Your Family & Friends.<\/strong>","text_style":"body"}},"text_ihkcx8":{"type":"text","settings":{"text":"Ditch the screens and unleash hours of hilarious, heart-pounding fun. This is where real memories are made – whether with family or friends.","text_style":"body"}},"text_QAB6j8":{"type":"text","settings":{"text":"<strong>🎉 Fun for everyone – kids, adults, and friends will love it!<\/strong>","text_style":"body"}},"text_Qbeywg":{"type":"text","settings":{"text":"<strong>⚡ Epic Puck Battle – who will be the champion?<\/strong>","text_style":"body"}},"text_J87wjR":{"type":"text","settings":{"text":"🏠 <strong>Endless excitement at home, perfect for family nights or parties with friends.<\/strong>","text_style":"body"}},"variant_picker":{"type":"variant_picker","settings":{"picker_type":"button","swatch_shape":"circle"}},"quantity_selector":{"type":"quantity_selector","settings":{}},"buy_buttons":{"type":"buy_buttons","settings":{"show_dynamic_checkout":true,"show_gift_card_recipient":true}},"collapsible_tab_yhtXkC":{"type":"collapsible_tab","disabled":true,"settings":{"heading":"Free & Insured Shipping","icon":"heart","content":"<p>Shipping is completely free.<br\/><br\/>Due to high demand for orders, processing may vary from 2 to 3 business days.<br\/><br\/>Shipments take 8 to 10 business days (depending on the destination).<\/p>","page":""}},"collapsible_tab_xAmXkn":{"type":"collapsible_tab","disabled":true,"settings":{"heading":"Special Offer","icon":"heart","content":"<p>Once the offer ends, the product will return to its original price.<\/p>","page":""}},"collapsible_tab_TKtaRK":{"type":"collapsible_tab","disabled":true,"settings":{"heading":"Guaranteed Returns","icon":"heart","content":"<p>If the product arrives damaged or in poor condition and\/or you wish to make a return, you have 30 days to process it. Transportation is the responsibility of the client.<br\/><br\/>Shipping costs are the responsibility of the customer.<\/p>","page":""}}},"block_order":["vendor","title","rating_keiaJi","price","text_Gm7mC7","text_ihkcx8","text_QAB6j8","text_Qbeywg","text_J87wjR","variant_picker","quantity_selector","buy_buttons","collapsible_tab_yhtXkC","collapsible_tab_xAmXkn","collapsible_tab_TKtaRK"],"settings":{"enable_sticky_info":true,"color_scheme":"scheme-1","media_size":"small","constrain_to_viewport":true,"media_fit":"contain","gallery_layout":"thumbnail_slider","media_position":"left","image_zoom":"none","mobile_thumbnails":"show","hide_variants":true,"enable_video_looping":false,"padding_top":28,"padding_bottom":0}},"feature_icons_9D68iJ":{"type":"feature-icons","blocks":{"feature_icon_9GYi94":{"type":"feature_icon","settings":{"icon_image":"shopify:\/\/shop_images\/delivery-truck.png","text":"Free Shipping","link":""}},"feature_icon_pjWKhk":{"type":"feature_icon","settings":{"icon_image":"shopify:\/\/shop_images\/secure-payment.png","text":"Secure Checkout","link":""}},"feature_icon_Bjcpfj":{"type":"feature_icon","settings":{"icon_image":"shopify:\/\/shop_images\/global.png","text":"Worldwide Delivery","link":""}},"feature_icon_8rd8MJ":{"type":"feature_icon","settings":{"icon_image":"shopify:\/\/shop_images\/guarantee.png","text":"Refund Guarantee","link":""}}},"block_order":["feature_icon_9GYi94","feature_icon_pjWKhk","feature_icon_Bjcpfj","feature_icon_8rd8MJ"],"name":"Feature Icons","settings":{"heading":"Our Guarantees","heading_alignment":"center","icon_width":45,"columns_desktop":4,"columns_mobile":"4","color_scheme":"","text_color":"#212121","padding_top":20,"padding_bottom":20}},"image_with_text_AyWppP":{"type":"image-with-text","blocks":{"heading_mbVQ7X":{"type":"heading","settings":{"heading":"🔥 <strong>Fast Sling Puck Table Game – Speed, Fun & Competition!<\/strong>","heading_size":"h1"}},"text_JbVdTp":{"type":"text","settings":{"text":"<p>Bring the thrill of fast-paced action right to your table. This exciting sling puck game is easy to play, quick to set up, and guarantees hours of laughter and competition. Perfect for kids, adults, family nights, or parties with friends.<\/p><p>✅ <strong>High-Speed Fun<\/strong> – Feel the rush with every puck shot in this fast-action table game.<br\/>✅ <strong>For All Ages 12+<\/strong> – Kids, teens, and adults can all join the fun.<br\/>✅ <strong>Perfect for Any Occasion<\/strong> – Birthdays, holidays, family nights, or parties.<br\/>✅ <strong>Compact & Portable<\/strong> – Play anywhere: at home, at a party, or even on the go.<br\/>✅ <strong>Challenge Your Skills<\/strong> – Sharpen reflexes and strategy while having fun.<\/p><p>🎉 Say goodbye to screens and boring routines – enjoy real connection, laughter, and competition with the <strong>Fast Sling Puck Table Game<\/strong>!<\/p>","text_style":"body"}}},"block_order":["heading_mbVQ7X","text_JbVdTp"],"name":"t:sections.image-with-text.presets.name","settings":{"image":"shopify:\/\/shop_images\/Video.gif","height":"adapt","desktop_image_width":"medium","layout":"image_first","desktop_content_position":"top","desktop_content_alignment":"left","content_layout":"no-overlap","section_color_scheme":"","color_scheme":"","image_behavior":"none","mobile_content_alignment":"left","padding_top":20,"padding_bottom":0}},"feature_highlights_hLjb4U":{"type":"feature-highlights","blocks":{"feature_column_PwA4W7":{"type":"feature_column","settings":{"icon_image":"shopify:\/\/shop_images\/heart.png","title":"Reclaim Family Connection","link":"","description":"<p>Bring everyone together with laughter and friendly competition. Perfect for family nights without screens.<\/p>"}},"feature_column_FGcA6y":{"type":"feature_column","settings":{"icon_image":"shopify:\/\/shop_images\/bolt.png","title":"Unleash Unlimited Excitement","link":"","description":"<p>Fast, thrilling, and addictive gameplay that keeps kids and adults hooked for hours.<\/p>"}},"feature_column_CP8gkm":{"type":"feature_column","settings":{"icon_image":"shopify:\/\/shop_images\/gift-box.png","title":"Give The Perfect Gift","link":"","description":"<p>A unique game that surprises and delights—ideal for birthdays, holidays, or any special occasion.<\/p>"}}},"block_order":["feature_column_PwA4W7","feature_column_FGcA6y","feature_column_CP8gkm"],"name":"Feature Highlights","settings":{"heading":"It's Not Just a Game. It's an Experience.","background_color":"#f9f9f9","heading_color":"#333333","text_color":"#555555","link_color":"#007bff","columns_desktop":3}},"image_with_stats_UkNXQd":{"type":"image-with-stats","blocks":{"stat_qL7p8k":{"type":"stat","settings":{"percentage":"Premium Solid Wood:","description":"Not cheap particleboard. Feel the difference in weight and durability."}},"stat_gtxR6U":{"type":"stat","settings":{"percentage":"High-Tension Elastic Bands:","description":"Double-layered for maximum power and thousands of slings."}},"stat_9mQir3":{"type":"stat","settings":{"percentage":"Smooth, Polished Finish:","description":"Ensures lightning-fast puck movement and is safe for little hands."}},"stat_iqjgmK":{"type":"stat","settings":{"percentage":"Eco-Friendly Materials:","description":"Fun for your family, kind to the planet."}}},"block_order":["stat_qL7p8k","stat_gtxR6U","stat_9mQir3","stat_iqjgmK"],"name":"Image with Stats","settings":{"heading":"Crafted for Countless Victories.","subheading":"<h3>We Don't Do Flimsy.<\/h3>","image":"shopify:\/\/shop_images\/11.jpg","image_corner_radius":8,"background_color":"#ffffff","heading_color":"#333333","text_color":"#555555"}},"image_with_stats_YPdj4B":{"type":"image-with-stats","blocks":{"stat_MHwika":{"type":"stat","settings":{"percentage":"","description":"1️⃣ Set up the board: Place 5 pucks on each side. Hook the elastic bands into the side slots."}},"stat_tYWrdk":{"type":"stat","settings":{"percentage":"","description":"2️⃣ Get ready: Both players shoot at the same time – no turns, just speed!"}},"stat_UzFcU4":{"type":"stat","settings":{"percentage":"","description":"3️⃣ Aim & shoot: Use the elastic band to sling your pucks through the center gate."}},"stat_KUBPnh":{"type":"stat","settings":{"percentage":"","description":"4️⃣ Win the game: The first player to clear all pucks from their side is the champion!"}}},"block_order":["stat_MHwika","stat_tYWrdk","stat_UzFcU4","stat_KUBPnh"],"name":"Image with Stats","settings":{"heading":"★ How To Play","subheading":"","image":"shopify:\/\/shop_images\/S1aa57d035996482698e4df02bd65ca66U_jpg_960x960q75_jpg.jpg","image_corner_radius":8,"background_color":"#ffffff","heading_color":"#333333","text_color":"#555555"}},"customer_testimonials_wTkYFC":{"type":"customer-testimonials","blocks":{"testimonial_gPHaRX":{"type":"testimonial","settings":{"icon":"5-stars","quote_color":"#f1ed11","testimonial":"<p><em>\"Finally, a game my kids love more than their iPads! The quality is amazing, and we've been playing non-stop.\"<\/em><\/p>","image":"shopify:\/\/shop_images\/12.avif","author":"- Sarah J., Mom of 2, California","author_info":""}},"testimonial_FCr7rQ":{"type":"testimonial","settings":{"icon":"5-stars","quote_color":"#0567af","testimonial":"<p><em>\"Brought this to a party and it was an instant hit! So much fun and super competitive. Everyone asked where I got it.\"<\/em><\/p>","image":"shopify:\/\/shop_images\/13.avif","author":"- Mark T., College Student, Texas","author_info":""}},"testimonial_67tKWN":{"type":"testimonial","settings":{"icon":"quote","quote_color":"#0567af","testimonial":"<p><em>\"Bought this for my grandkids and they can't get enough. It's sturdy, well-made, and a fantastic way to bond.\"<\/em><\/p>","image":"shopify:\/\/shop_images\/14.avif","author":"- David P., Grandpa, Florida","author_info":""}}},"block_order":["testimonial_gPHaRX","testimonial_FCr7rQ","testimonial_67tKWN"],"name":"t:sections.testimonials.presets.testimonials.name","settings":{"title":"See It in Action in Homes Across America!","heading_size":"h1","description":"","align_text":"center","dots":true,"autoplay":true,"view_item":3,"tablet_view_item":2,"round_images":true,"color_background":"#f9f9f9","color_text":"#1c1d1d","padding_top":60,"padding_bottom":60}},"collapsible_content_rxYFGw":{"type":"collapsible-content","blocks":{"collapsible_row_N4n3VA":{"type":"collapsible_row","settings":{"heading":"Is this another cheap game that will break after a week?","icon":"question_mark","row_content":"<p>Absolutely not. We stand by our quality with premium solid wood and durable components. Unlike flimsy plastic games, this is built to last through years of fun. That's why we back it with our 30-Day 'All Smiles' Guarantee!<\/p>","page":""}},"collapsible_row_4gwiTa":{"type":"collapsible_row","settings":{"heading":"What age is this game suitable for?","icon":"question_mark","row_content":"<p>It's perfect for ages 5 and up! The rules are incredibly simple for kids to pick up in seconds, but the fast-paced action is challenging and engaging enough for teens and adults.<\/p>","page":""}},"collapsible_row_LAPAd8":{"type":"collapsible_row","settings":{"heading":"What's included in the package?","icon":"question_mark","row_content":"<p>You'll receive 1 premium solid wood game board, 10 pucks, and 2 extra replacement elastic bands to ensure the fun never stops.<\/p>","page":""}},"collapsible_row_zHeFPY":{"type":"collapsible_row","settings":{"heading":"How long does shipping take?","icon":"question_mark","row_content":"<p>We offer fast 7 - 15day express shipping from our US warehouse to ensure you get it on time for any occasion. You'll receive a tracking number within 24 hours of your order.<\/p>","page":""}}},"block_order":["collapsible_row_N4n3VA","collapsible_row_4gwiTa","collapsible_row_LAPAd8","collapsible_row_zHeFPY"],"name":"t:sections.collapsible_content.presets.name","settings":{"caption":"","heading":"Frequently Asked Questions","heading_size":"h1","heading_alignment":"center","layout":"none","color_scheme":"","container_color_scheme":"","open_first_collapsible_row":false,"image_ratio":"adapt","desktop_layout":"image_second","padding_top":36,"padding_bottom":36}},"related-products":{"type":"related-products","settings":{"heading":"You may also like","heading_size":"h2","products_to_show":4,"columns_desktop":4,"color_scheme":"scheme-1","image_ratio":"square","image_shape":"default","show_secondary_image":true,"show_vendor":false,"show_rating":false,"columns_mobile":"2","padding_top":60,"padding_bottom":0}}},"order":["main","feature_icons_9D68iJ","image_with_text_AyWppP","feature_highlights_hLjb4U","image_with_stats_UkNXQd","image_with_stats_YPdj4B","customer_testimonials_wTkYFC","collapsible_content_rxYFGw","related-products"]}