{"name":"t:sections.footer.name","type":"footer","sections":{"text_with_icon_inY46T":{"type":"text-with-icon","blocks":{"text_block_gn3jjK":{"type":"text_block","settings":{"icon":"shield","title":"Authenticity","text":"<p>Every item we feature is handpicked for its originality and craftsmanship.<\/p>"}},"text_block_MGmNL8":{"type":"text_block","settings":{"icon":"envelope","title":"Community","text":"<p>Join a vibrant community of fashion lovers who share your style passion.<\/p>"}},"text_block_gQwBeL":{"type":"text_block","settings":{"icon":"phone","title":"Customer Focus","text":"<p>Your satisfaction is our priority, a seamless shopping experience.<\/p>"}}},"block_order":["text_block_gn3jjK","text_block_MGmNL8","text_block_gQwBeL"],"settings":{"title":"","align_text":"left","heading_size":"h1","content_alignment":"center","desktop_columns_per_row":3,"icon_color":"#000000","column_bg":"#f7f9fd","columns_radius":16,"button_label":"","button_link":"","padding_top":60,"padding_bottom":60}},"footer":{"type":"footer","blocks":{"text_FqiX6E":{"type":"text","settings":{"heading":"Help","subtext":"<p>If you have any questions or suggestions, our team will be happy to help you.<\/p><p><strong>E-Mail:<\/strong> kindoclub.com<br\/><strong>Live Chat:<\/strong> Mon-Fri, 9 AM - 6 PM<\/p>"}},"link_list_66riTT":{"type":"link_list","settings":{"heading":"Informationen","menu":"informationen"}},"newsletter_khG3DV":{"type":"newsletter","settings":{"show_news_title":true,"title":"Sign up for our newsletter and receive unique offers, discounts and much more!","text":"","show_social":true}}},"block_order":["text_FqiX6E","link_list_66riTT","newsletter_khG3DV"],"settings":{"color_scheme":"scheme-5","newsletter_enable":false,"newsletter_heading":"Subscribe to our emails","enable_follow_on_shop":false,"show_social":false,"enable_country_selector":false,"enable_language_selector":false,"payment_enable":false,"show_policy":false,"margin_top":0,"padding_top":60,"padding_bottom":0}}},"order":["text_with_icon_inY46T","footer"]}