{"name":"t:sections.header.name","type":"header","sections":{"announcement-bar":{"type":"announcement-bar","blocks":{"announcement_HiLJP4":{"type":"announcement","settings":{"text":"Sale Off 60% + Free Ship","link":"","primary_button":"","primary_link":"#","secondary_button":"","secondary_link":"","primary_color":"#ffffff","primary_text_color":"#000000","secondary_color":"#600de4","secondary_text_color":"#ddc7ff"}},"announcement_iayxRm":{"type":"announcement","settings":{"text":"Welcome to our store","link":"","primary_button":"","primary_link":"","secondary_button":"","secondary_link":"","primary_color":"#ffffff","primary_text_color":"#f3f3f3","secondary_color":"#ffffff","secondary_text_color":"#ffffff"}}},"block_order":["announcement_HiLJP4","announcement_iayxRm"],"custom_css":[".announcement-bar__message {font-weight: normal;}"],"settings":{"color_scheme":"scheme-4","show_line_separator":true,"show_social":false,"auto_rotate":false,"change_slides_speed":5,"enable_country_selector":false,"enable_language_selector":false}},"header":{"type":"header","settings":{"logo_position":"middle-center-center","menu":"main-menu","menu_type_desktop":"mega","sticky_header_type":"always","show_line_separator":false,"color_scheme":"scheme-1","menu_color_scheme":"scheme-f6687a15-0ba7-4a42-83de-5c3054da9bb9","sticky_index":false,"enable_country_selector":true,"enable_language_selector":true,"enable_customer_avatar":true,"mobile_logo_position":"center","image_title":"Discover Designers","megaenu_link":"shopify:\/\/pages\/discover-designers","image_title2":"Our Portfolio","megaenu_link2":"shopify:\/\/pages\/our-portfolio","margin_bottom":0,"padding_top":0,"padding_bottom":0}}},"order":["announcement-bar","header"]}